abattoir abattoirs
abbess abbesses
abeyance
absolution absolutions
academe
acerbic acerbity
acetic
acetylcholine
acquisitive acquisitively acquisitiveness
acropolis
actin
adder adders
adenocarcinoma
aerodrome aerodromes
affectation affectations
agape
agonist agonistic agonists
agribusiness
airbrush airbrushed airbrushes airbrushing
alabaster alabasters
alacrity alacrities
alfalfa
alimony alimonies
alkaloid alkaloids
allergens allergen
aloe aloes
alsatian alsatians
amethyst amethysts
amoeba amoebae amoebas amoebic
amputee amputees
amyloid amyloidal amyloids
anagram anagrams
analgesia analgesias
angioplasty
animism animist animistic
anneal annealed annealer annealers annealing anneals
annunciation annunciations
anova anovas
anthropomorphic anthropomorphically
antichrist antichrists
antimatter
antisemitism antisemitic
aphasia aphasiacs aphasic aphasics
apical apically
apogee apogees
apotheosis apotheoses
appellation appellations
appendicitis
apse apses
askance
astern
asymptote asymptotic asymptotically
atelier ateliers
atherosclerosis atheroscleroses
attache attaché attachés
auger augers
aurora aurorae auroral auroras aurorean
automaton automatons
avec
aviary aviaries
avionic avionics
avuncular avuncularly
awestruck awestricken
bacteriology bacteriological bacteriologist bacteriologists
balsam
bandana bandanas bandanna bandannas
bangers banger
bangladesh bangladeshi bangladeshis
bankroll bankrolled bankrolling bankrolls
barbell barbells
baronet baronecy baronetcy baronets
barrack barracked barracker barrackers barracking
bashful bashfullness bashfully
batty battier battiest
bauble baubles
bayou bayous
beatify beatification beatified beatifies beatitude beatitudes
bedraggled
bedridden
beefed beefing beefs
beeswax
befuddle befuddled befuddlement befuddles befuddling
begonia begonias
belay belayed belaying belays
belfry belfries
bellicose bellicosely bellicosity
benediction benedictions
benighted benightedly
berber berbers
besotted
bestial bestialities bestiality
bevel bevelled bevelling bevels
bevvy bevies bevvies bevy
bigwig bigwigs
biochemist biochemists
biofeedback
biofuel biofuels
bipedal biped bipedally bipeds
biplane biplanes
bishopric archbishopric archbishoprics bishoprics
bivariate
bivouac bivouack bivouacked bivouacking bivouacks bivouacs
blackjack
bleacher bleachers
bleary blearier bleariest blearily bleariness
bluegrass
blurb blurbs
bobble bobbled bobbles bobbling
bod bods
bogyman bogeyman bogeymen bogymen boogieman boogiemen
bombastic bombast bombastically
bona
bonk bonked bonking bonks
bonny bonnier bonniest
bonsai bonsais
boomerang boomeranged boomeranging boomerangs
boor boorish boorishly boorishness boors
bootstrap bootstrapped bootstrapping bootstraps
boudoir boudoirs
bougainvillea bougainvillaea
bower bowers
brasserie brasseries
broadsheet broadsheets
brogue brogues
buffoon buffoonery buffoonish
bullion
bungee bungees
burnout burnouts
butane butanes
butch
buttercup buttercups
buzzword buzzwords
byway byways
cabal cabalistic cabals
cachet
caffein caffeinated decaf decaffeinated
calcite calcites
calibre calibres
caliper calipers calliper callipers
caliph caliphate caliphs
callow callower callowest callowness
calypso calypsos
camellia camellias
cantata cantatas
capacious capaciously capaciousness
capitation
careering careered
carotid
casein
cashew cashews
cassava cassavas
castor castors
catharsis
cathartic cathartically
cavalcade cavalcades
caw cawed cawing caws
celebrant celebrants
cellist cellists
centigrade
centurion centurions
chaff chaffs
chamomile
changeling changelings
checkerboard checkerboards
chem
chevalier chevaliers
chianti chiantis
chinook chinooks
chit chits
chloroform chloroforms
chuff chuffed chuffing chuffs
churlish churl churlishly churlishness churls
cinematographer cinematographers cinematography
circadian
cistercian cistercians
cityscape cityscapes
clef clefs
coaxial
cochlea cochleae cochlear cochleas
coddle coddled coddles coddling
codex codices
coed coeds
coeur
cognate cognates
coif coiffed coiffure
coitus coital
coleslaw coleslaws
colic
colossus colossuses
comatose
combustible
comely comelier comeliest comeliness
communicable
compunction compunctions
conch conches conchs
concubine concubines
contagion contagions
coolie coolies
coot coots
copycat copycats
cornucopia cornucopias
coronet coronets
corporeal corporeally corporealness
corticosteroids
cosmonaut cosmonauts
cougar cougars
counterclaim counterclaims
courtesan courtesans
couscous
crackpot crackpots
cranium crania craniums
crayfish crayfishes
creatine
credulity credulities
cress cresses
cryptosporidia cryptosporidioses cryptosporidiosis cryptosporidium
curvilinear
cutlet cutlets
cybernetic cybernetically cybernetics
cyclosporin
dahlia dahlias
dandruff
daredevil daredevilry daredevils
declarative
decontaminate decontaminated decontaminates decontaminating decontamination decontaminations
decorous decorously decorousness
decrement decrements
defray defrayable defrayal defrayed defraying defrays
deify deification deified deifies
deign deigned deigning deigns
demagogue demagoguery demagogy
dendrite dendrites dendritic
denouement denouements
denture dentures
derogate derogated derogates derogating derogation derogations derogative
dervish dervishes
desalinate desalinated desalinates desalinating desalination
detente détente
deux
diastolic
diatom diatoms
dinky dinkies
dint dints
diphtheria
dipole dipoles
disassociate disassociated
disconsolate disconsolately disconsolateness disconsolation
disequilibrium disequilibria
disfavour disfavor disfavored disfavoring disfavors disfavoured disfavouring disfavours
disharmony disharmonies
disinformation
disunity disunities
doctrinaire
doleful dolefully dolefulness
dong dongs
dopey
doric
doublet doublets
dowager dowagers
dowdy dowdier dowdiest dowdily dowdiness
downer downers
downtrodden
downy downier downiest
dreadlock dreadlocked dreadlocks
droll droller drollest drollness
drunkard drunkards
ducal
dumpy dumpier dumpiest dumpiness
dungaree dungarees
dysentery dysenteries
eau
ecclesiology ecclesiological ecclesiologist
efface effaced effacement effaces effacing
effeminate effeminately effeminateness
egged egging
egret egrets
electrolysis electrolytic
electrophoresis
elope eloped elopement elopements eloper elopes eloping
emasculate emasculated emasculates emasculation emasculator
emplacement emplacements
encephalopathy encephalopathies
endorphin endorphins
ennoble ennobled ennobles ennobling
entrails
entre
ephemera
epidermal
epidermis epidermises
epidural
epinephrine
equinox equinoctial
equivocate equivocated equivocates equivocating equivocation equivocations equivocator equivocators
esplanade esplanades
estimable inestimable inestimably
ethnology ethnological ethnologist
ethology ethological ethologically ethologies ethologist ethologists
eukaryotic eucaryote eukaryote eukaryotes
expunge expunged expunges expunging
facto
factorial multifactorial
fait
fallopian
falsetto falsettos
fatuous fatuously fatuousness
fatwa fatwas
faucet faucets
faux
fave faves
faze fazed fazes fazing
featherweight featherweights
fedora fedoras
fest
feta
fetid fetidly fetidness
fib fibbed fibber fibbing fibs
fibrillate fibrillated fibrillates fibrillating fibrillation fibrillations
fibroblast fibroblasts
filial
filigree filigrees
finicky finickiness
firmament
fixative fixatives
flabbergasted flabbergast flabbergasting flabberghasted
flan flans
flashpoint flashpoints
flotsam flotsams
flunk flunked flunking flunks
flywheel flywheels
fondant fondants
fondu fondue fondues fondus
forecourt forecourts
foreplay
foreskin foreskins
fracas fracases
francophone francophones francophony
frazzle frazzled frazzler frazzles frazzling
frisbee frisbees
frisk frisked frisker frisking frisks
frisky friskier friskiest friskily friskiness
frisson frissons
frivolity frivolities
frontispiece frontispieces
fudging fudged
fulcrum fulcra fulcrums
fumigate fumigated fumigates fumigating fumigation fumigations fumigator fumigators
gaffer gaffers
galleon galleons
gangplank gangplanks
gangrene gangrenous
gargle gargled gargles gargling
garnet garnets
garret garrets
gastritis
gastronomic gastronomically
gavel gavels
geodesic
ger gers
germane germanely
gerontology gerontologic gerontological gerontologist
gesso gessoed gessos
gestalt gestalten gestalts
geste gestes gestural gesturally
ginseng
gird girded girding girds girt
gizmo gismo gismos gizmos
glaucoma
glutamate glutamates
glutathione
gnash gnashed gnashes gnashing
gnostic gnosticism
gooseberry gooseberries
gorged gorging
gossamer
gratuity gratuities
griddle griddles
gridlock gridlocked
gringo gringoes gringos
groggy grogginess
groovy groovier grooviest
groundswell
gulag gulags
gunwale gunnel gunnels gunwales
guppy guppies
guzzle guzzled guzzles guzzling
gynaecology gynaecological gynaecologist gynaecologists
gypsum gypsums
gyrate gyrates gyration gyrations
hackle hackles
hacksaw hacksaws
haematology haematological haematologist hematological hematologist hematology
hale
halibut halibuts
handmaid handmaiden handmaidens handmaids
haw
headstrong
hegelian
hemlock hemlocks
hereabouts
heritable heritability
hermaphrodite hermaphrodites hermaphroditic hermaphroditically hermaphroditism
herr
hessian hessians
hew hewed hewer hewers hewing hewn hews
hex hexes
hibiscus hibiscuses
hideout hideouts
hilarity hilarities
hillock hillocks
hindquarter hindquarters
hipster hipsters
histogram histograms
histopathology histopathologic histopathological histopathologically histopathologist histopathologists
histrionic histrionically histrionics
hither
hiya
hoar hoarier hoariest hoariness hoary
hob hobs
hosiery hosieries
humanoid humanoids
humbug humbugs
humdrum
humpback humpbacks
hydrangea hydrangeas
hydrant hydrants
hydrochloric
hydrological
hydroxide hydroxides
hypertensive
hypnotherapy hypnotherapist hypnotherapists
hypoxic hypoxia
ibis ibises
ideation ideational
idem
idiocy idiocies
idiopathic
idolatry idolatries
iffy
iguana iguanas
imbecile imbeciles
imbibe imbibed imbiber imbibers imbibes imbibing
immunodeficiency immunodeficiencies
immunohistochemistry immunohistochemical
imprimatur
impugn impugned impugner impugners impugning impugns
inchoate inchoately inchoateness
individuation
indomitable indomitably
inebriate inebriated inebriates inebriating inebriation
inertial
infanticide
infernal
inimitable inimitably
iniquity iniquities
innervated innervate innervates innervating innervation
insipid insipidities insipidity insipidly insipidness
insofar
insouciant insouciance insouciantly
instantiate instantiated instantiates instantiating instantiation instantiations
instep insteps
intension intensional intensionality intensionally
intercut intercuts intercutted intercutting
interferometer interferometers interferometric
intermission intermissions
internecine
interstitial
intubate intubated intubates intubating intubation intubations
investiture investitures
inveterate
invidious invidiously invidiousness
irascible irascibly
irksome irksomely irksomeness
isthmus isthmuses
jabber jabbered jabberer jabbering jabbers
jamb jambs
jib jibbed jibbing jibbings jibs
jilt jilted jilting jilts
jive jived jiver jivers jives jiving
jocular jocularities jocularity jocularly
jovian
junket junkets
kale
kamikaze
keepsake keepsakes
kelp kelps
kerb kerbs
kibbutz kibbutzes
kickback kickbacks
kinase
kinematics kinematic kinematical kinematically
kleenex
knave knaves
knell knells
lacrosse
lambasted lambast lambaste lambastes lambasting lambasts
lamina laminae laminas
lank lankly lankness
lapis
laryngeal
lascivious lasciviously lasciviousness
laze lazed lazes lazing
leaven leavened leavening leavens
leeward leewards
legionnaire legionnaires
leitmotif leitmotifs leitmotiv leitmotivs
lessee lessees
lessor lessors
lexicography lexicographer lexicographers lexicographic lexicograpically
lexis
liaise liaised liaises liaising
ligation ligate ligated ligating ligations
lint
lipoprotein lipoproteins
lisp lisped lisper lisping lisps
lithosphere
litmus
littoral
lode lodes
loggerhead loggerheads
lugubrious lugubriously lugubriousness
lupus
lynx lynxes
machismo
macros
magisterial magisterially
magus magi
malcontent malcontents
mandolin mandolins
mange mangey mangier mangiest manginess mangy
manna
manse manses
marjoram
marsupial marsupials
masochism masochisms
masochistic masochistically
masque masques
matrilineal matrilinear
matt
maudlin
maw maws
maxima
megalomania megalomaniac megalomaniacal megalomaniacs
megaphone megaphones
mein
melatonin
mellitus
menagerie menageries
mes
metastases
methylated methylation
metronome metronomes metronomic metronomies
mica micas
microeconomic microeconomics
micrometre micrometer micrometers micrometres
midge midges
midriff midriffs
midshipman midshipmen
miff miffed miffing miffs
mig miggs migs
millstone millstones
minaret minarets
mindset mindsets
minicomputer minicomputers
minster minsters
mis
miscreant miscreants
missive missives
mitre mitres
modus
mohair
mongoose mongeese mongooses
monicker monickers moniker monikers
monistic monism monist
monsignor monsignors
moonlighted moonlighter moonlighters moonlighting moonlights
morel morels
morrow morrows
mort
motherfucker motherfuckers motherfucking
mullah mullahs
multiplex multiplexes
muppets muppet
musculature
museo
musicology musicological musicologist musicologists
mycobacterium mycobacteria mycobacterial
mylar
naacp
nadir nadirs
naivete
navigable
necromancy necromancer necromancers necromantic necromantically
nefarious nefariously nefariousness
neophyte neophytes
neoplasm neoplastic
nerd nerdish nerdishness nerds nerdy
neuropsychology neuropsychological neuropsychologist
neuroscience
nib nibs
nightie nighties
nightingale nightingales
nirvana nirvanas
nit nits
nitrite nitrites
nitrous
nix nixed nixes nixing
nonplussed nonplussing
novella novellas novelle
nuke nuked nukes nuking
nuptial nuptials
obsequious obsequiously obsequiousness
obsidian obsidians
occlude occluded occluder occludes occluding
ocular
oedipal
oestrogen
offload offloaded offloading offloads
offside
ogle ogled ogler ogles ogling
oligonucleotide oligonucleotides
ontology ontologies
opacity opacities
oration orations
oriole orioles
osmosis
otherworld otherworldly
otitis
oui
outage outages
outermost
outflank outflanked outflanking outflanks
outmanoeuvre outmaneuver outmaneuvered outmaneuvering outmaneuvers outmanoeuvred outmanoeuvreing outmanoeuvres
overdraw overdrawing overdrawn overdraws
overgrazed overgrazing
overgrowth overgrowths
overplay overplayed overplaying overplays
overproduction overproduce overproduced overproduces overproducing
overvalue overvalued
overwinter overwintered overwintering overwinters
overwrought
pagoda pagodas
palaeozoic palaeozoics paleozoic paleozoics
palatial palatially
palpitate palpitated palpitates palpitating palpitation palpitations
panhandle panhandled panhandler panhandlers panhandles panhandling
panoply panoplies
papaya papayas
parametric
paranormal paranormality paranormally
pasteurise pasteurised pasteurize pasteurized unpasteurised unpasteurized
patois
patristic patristical
pecuniary
pediment pedimental pedimented pediments
penitentiary
percutaneous percutaneously
pergola pergolas
periodontal periodontist periodontists periodontitis
peripatetic
permafrost
pers
pestilence pestilences
petunia petunias
pharynx pharyngeal
phenol phenols
philander philandered philanderer philandering philanders
phlegm phlegms
phonograph phonographs
phospholipid phospholipids
phosphorescent phosphorescence phosphorescently
photogenic photogenically
photojournalist photojournalism photojournalists
piggyback piggybacked piggybacking piggybacks
pillory pilloried pillories pillorying
pinafore pinafores pinnies pinny
pincer pincers
pined pining
pinot
pinta pintas
pipette pipet pipetted pipettes pipetting
pituitary
planar
plebeian pleb plebeianism plebeians plebs
plebiscite plebiscites
plexus
plucky pluckier pluckiest pluckily pluckiness
pogrom pogroms
pointe pointes
polka polkas
polygyny polygynous
polymorphism polymorphisms
polypeptide polypeptides
poncho ponchos
pong ponged ponging pongs
pooch pooches poochy
poof poofs
postmortem postmortems
postscript postscripts
potable potability
prattle prattled prattler prattlers prattles prattling
prednisolone
prefect prefects
prefigure prefigured prefigurement prefigures prefiguring
presbytery presbyteries
presto
presumptive
prevaricate prevaricated prevaricates prevaricating prevarication prevarications
prima
primo
privation privations
proctor proctors
progesterone
promissory
prophylaxis prophylaxes
proximate proximately proximateness
prurient prurience pruriently
pseudo
psoriasis psoriatic
pudgy pudginess
pug pugs
pugnacious pugnaciously pugnaciousness pugnacity
pullman pullmans
pumice pumices
pupae pupa pupas
putrid
pyre pyres
pyrotechnic pyrotechnical pyrotechnically pyrotechnics
quadratic
quicksand quicksands
quinine quinines
quintuple quin quins quintuplet quintuplets
quixotic
rad rads
radionuclide radionuclides
rand rands
raunchy raunchier raunchiest raunchily raunchiness
ravioli raviolis
rayon rayons
recessive
recidivist recidivism recidivists
rectitude rectitudes
redemptive
reductive
refectory refectories
reforested reforestation
regency regencies
rejoinder rejoinders
remonstrate remonstrated remonstrates remonstrating remonstration remonstrations
repo repos
restock restocked restocking restocks
retrovirus retroviral retroviruses
rewire rewired rewires rewiring
rhapsody rhapsodic rhapsodies
rheumatism rheumatisms
rhizome rhizomes rhizomic
rickshaw rickshaws
ricotta
ringlet ringlets
roil roiled roiling roils
rostrum rostrums
rotund rotundity rotundly rotundness
rotunda
saber sabers
sable sables
sachet sachets
salacious salaciously salaciousness
sanatorium sanatoriums
sanctimonious sanctimoniously sanctimoniousness sanctimony
sandalwood sandalwoods
sandpiper sandpipers
sartorial sartorially
satiate satiates satiation satiety
scabbard scabbards
scalar
schilling schillings
sconce sconces
scrotum scrota scrotal scrotums
scrubber scrubbers
scullery sculleries
scurrilous scurrilously scurrilousness
scurvy scurvies
sdi
seance seances
seditious
selenium
senor senors señor
sepia sepias
sepsis
serological serologic serologically serology
shenanigan shenanigans
sherd sherds
shimmy shimmied shimmies shimmying
shod unshod
sideburn sideburns
sidetrack sidetracked sidetracking sidetracks
siesta siestas
signet signets
signor signore signors
silicate silicates
simulacrum simulacra simulacrums
skit skits
skyrocket skyrocketed skyrocketing skyrockets
slapstick
slaver slavered slavering slavers
slobber slobbered slobberer slobbering slobbers
sloop sloops
sluice sluices
smokestack smokestacks
smoothie smoothies smoothy
smut smutty
snide snidely
snorkel snorkeling snorkelled snorkeller snorkellers snorkelling snorkels
sociolinguistic sociolinguistics
softball softballs
solarium solariums
solipsist solipsism solipsistic solipsistically
solstice solstices
sorghum
spangle spangled spangling
spanner spanners
specious speciously speciousness
spectroscope spectroscopes spectroscopic spectroscopist spectroscopists
spiel spiels
spittle spittles
splat splats splatted splatting
sputum
squiggle squiggled squiggles squiggling
stalactite stalactites
stateside
sternum sterna sternums
stillborn
stochastic
stockade stockaded stockades stockading
stopwatch
strafe strafed strafes strafing
stratagem stratagems
striate striated striates striating striation striations
strobe strobes stroboscope
sturgeon sturgeons
styrofoam
subaltern subalterns
sublet sublets subletting
suds sudsed sudsing sudsy
summative
sump sumps
supercharger supercharge supercharged
superhero superheroes
superpose superposable superposed superposes superposing superposition
supplicate supplicated supplicates supplicating supplication supplications supplicatory
surfeit surfeits
swarthy swarthier swarthiest
swashbuckle swashbuckled swashbuckler swashbucklers swashbuckles swashbuckling
switchback switchbacks
sycophant sycophancy sycophantic sycophantically sycophants
synaptic
syncopate syncopated syncopates syncopating syncopation syncopations
synergistic synergistically
synoptic
systolic
tabby tabbies
tabular
tailgate tailgated tailgates tailgating
talcum talc
taliban talibans
tambourine tambourines
tamoxifen
tarn tarns
tarot tarots
tartar
tat tats
teat teats
technicolor technicolour
teeny
telephony telephonist telephonists
temerity temerities
tempestuous tempestuously tempestuousness
tendentious tendentiously tendentiousness
tenon tenons
terrine terrines
testes testis
teuton teutonic teutons
theocracy theocracies theocratic
thereto
thorax thoraxes
thrice
thrum thrummed thrumming thrums
tiara tiaras
timpani timpanum tympani tympanum
tincture tinctures
tinder tinders
ting
tinsel tinselling tinsels
toga togas
tomahawk tomahawks
tomboy tomboyish tomboyishness tomboys
torrid torrider torridest torridities torridity torridly torridness
towpath towpaths
transceiver transceivers
transect transected transecting transection transections transects
transept transepts
transgene transgenes
transitive intransitive intransitively transitively transitiveness transitivities transitivity
transom transoms
trapeze trapezes
trenchant trenchantly
triangulated triangulation triangulations
tricep triceps
tricycle tricycles
trimester trimesters
triptych triptychs
tritium tritiums
troubadour troubadours
trounce trounced trouncer trouncers trounces trouncing
truncheon truncheons
tryst trysting trysts
tum tums
tureen tureens
turmeric
tutsi tutsis
tweezers
twiddle twiddled twiddler twiddlers twiddles twiddling
twit twits
ubiquity ubiquitousness
udder udders
ultramarine
ultrasonograph ultrasonography
umber
underbelly underbellies
undercarriage undercarriages
underemployed underemployment
underling underlings
underweight
unheeded
unhinged unhinge unhinges unhinging
univariate
untrammelled trammel trammeled trammeling trammelled trammels untrammeled
uppers
urology urologist
uzi uzis
vacuous vacuously vacuousness
valance valances
valence valences
valium valiums
vamp vamps
varicose
vasectomy vasectomies
vellum
venal venality venally
ventricle ventricles
ventriloquist ventriloquism ventriloquists
verisimilitude verisimilitudes
vermilion
versa
vesicle vesicles
vestigial vestigially
vibrato vibratos
vin
visage visages
vitiate vitiated vitiates vitiating vitiation
viz
votive
waif waifs
wallflower wallflowers
wank wanked wanker wankers wanking wanks
warding warded
watermark watermarked watermarks
waylay waylaid waylayer waylayers waylaying waylays
weevil weevils
weft wefts
weir weirs
welterweight welterweights
werewolf werewolves
whammy whammies
wherefore wherefores
whey wheys
whinny whinnied whinnies whinnying
wildebeest wildebeests
wilful wilfully wilfulness
willy willies
winnow winnowed winnower winnowing winnows
wold wolds
worrisome worrisomely worrisomeness
wort worts
wuthering
yaw yawed yawing yaws
zany zanier zaniest zaniness
zing zinger zingers zingier zingiest zingy
austronesia austronesian austronesians
bicuspid bicuspids
cakewalk cakewalks
calaboose
cardsharp cardsharper cardsharpers cardsharping cardsharps
caret carets
charbroil charbroilled
cirrocumulus
cirrostratus
clubfeet clubfoot clubfooted
cornball cornballs
cornpone cornpones
crewcut crewcuts 
