abashed abash
ablation ablations
abraded abrade abrades abrading
acacia acacias
adenoid adenoidal adenoids
adieu adieus adieux
adjudge adjudged adjudges adjudging
adjuvant
adrenal
adsorption adsorptions
adventist adventism
aeon aeons
aerobatic aerobatics
aetiological aetiologically etiological etiologically
aetiology aetiologies
afire
aforesay aforesaid
agar
agglomerate agglomerated agglomerates agglomerating agglomeration agglomerations
aggrandize aggrandise aggrandised aggrandisement aggrandises aggrandising aggrandized aggrandizement aggrandizes aggrandizing
aglow
agoraphobia agoraphobic agoraphobics
agronomist agronomic agronomical agronomically agronomy
aileron ailerons
alchemical
alkyd alkyds
almshouse almshouses
alphanumeric
alveolar
amicus
amigo amigoes amigos
amine amines
amir amirs
amity amities
amniocentesis
amniotic amnionic
anabolic
angiography
angiosperm angiosperms
angora angoras
anomie anomic
antacid antacidic antacids
antenatal
anthropogenic anthropogenically
aorta aortae aortas
aortic
aperitif aperitifs
aplenty
apnea apnoea
apoplectic apoplectically apoplexy
apoptosis
apparatchik apparatchiks
apposite appositely appositeness
apprise apprised apprising apprize apprized apprizing
approbation approbations
apropos
aquaculture aquacultural aquaculturist aquiculture
aquamarine
arabesque arabesques
arboreal arboreally
archangel archangels
archly archness
argon
arian arianism arians
armadillo armadillos
arpeggio arpeggios
artless artlessly artlessness
ascites
aseptic aseptically
asi
asic asics
astral astrally
astringent astringently
asunder
atavistic atavism atavistically
aubergine aubergines
audiometer audiometric audiometry
auf
auld
aureus
autobahn autobahns
avatar avatars
azimuth azimuthal azimuthally
baccalaureate baccalaureates
backwash
balaclava balaclavas
baloney
banshee banshees
bantam bantams
barbiturate barbiturates
barracuda barracudas
bauxite bauxites
baying bayed
bedecked bedeck bedecking bedecks
bedlam
bedstead bedsteads
beltway beltways
benchmarking
benthos benthic
bicameral bicameralism
biff biffed biffing biffs
binomial binomials
biopic biopics
bios
biota
bismuth bismuths
bitumen bitumens
blanc
blinder blinders
blog blogged blogger bloggers blogging blogs
bloodhound bloodhounds
bluebell bluebells
bluebird bluebirds
bobbin bobbins
bodywork
bolero boleros
bolus boluses
bong bonged bonging bongs
bonhomie bonhomies
bonkers
boolean
bozo bozos
branchial
bravura bravuras
brazier braziers
bream breams
breaststroke
brigand brigandage brigands
brimstone
brisket briskets
britches
bruiser bruisers
bucolic bucolically
bumblebee bumblebees
bung bunged bunging bungs
burgher burghers
burrito burritos
busk busked busker buskers busking
butte buttes
buxom buxomly buxomness
byline bylines
cabernet
cagey
calcify calcification calcified calcifies calcifying
caldera calderas
callouses calloused
callus callused
campanile campaniles
cantankerous
caprice caprices
capsaicin
carafe carafes
carbine carbines
carboniferous
cardamom
carjack carjacked carjacker carjackers carjacking carjacks
carmelite carmelites
carnelian
carnitine
carouse caroused carouser carousers carouses carousing
carthaginian carthaginians
cased
catacomb catacombs
catatonic catatonia catatonically
caulk caulked caulking caulks
cay cays
centipede centipedes
cerise
certiorari
certitude certitudes
cesspool cesspools
chai
chamberlain chamberlains
chambermaid chambermaids
chamois chammy shammy
chard
chartreuse
chechen chechens
chenille
chickpea chickpeas
chicory chickories chickory chicories
chipmunk chipmunks
chipper
chippy chippie chippies
chlamydia
cholangitis
cholecystectomy
chump chumps
ciao
cilantro
cinque
ciprofloxacin
clapboard clapboarded clapboarding clapboards
classificatory
clearcut clearcutting
codling codlings
collocate collocated collocates collocating collocation collocations
colloquium colloquia colloquiums
comintern cominterns
commissar commissars
communitarian communitarians
comorbid comorbidity
companionway companionways
complicit
comport comported comporting comportment comports
concatenate concatenated concatenates concatenating concatenation concatenations
concertina concetinas
conciliar
conclave conclaves
contractile contractility contractures
copped copping
copywrite copywriter copywriters copywrites copywriting copywritten
cordillera cordilleras
coronal coronel
corsair corsairs
cortisol
covariate covariates covariation covariations
coven covens
cowrie cowries
coxswain coxwains
crabby crabbed crabbier crabbiest crabbiness
cravat cravats
creosote
crestfallen
cretin cretinism cretinous cretins
critter critters
crone crones cronish cronishly
cru
crud cruddy
crummy crummie crummier crummiest
cryptography cryptographer cryptographers cryptographic
cuckold cuckolded cuckolding cuckolds
cumulus cumulo
cur curs
curia curias
curio curios
curlew curlews
cushy cushier cushiest cushily cushiness
cypher cyphers
cyrillic
cystitis
cytology cytological
dace daces
dacha dachas
dado dadoes
daemon daemonological daemons
daguerreotype daguerreotypes
dastardly dastardliness
dauphin dauphins
dawg dawgs
deactivate deactivated deactivates deactivating deactivation
debar debarment debarments debarred debarring debars
debonair debonairly debonairness
decamp decamped decamping decampment decampments decamps
declassify declassified
deco
defoliate defoliant defoliants defoliated defoliates defoliation
deixis
delphinium delphiniums
demoiselle demoiselles
denature denaturant denatured denatures denaturing
depoliticize depoliticisation depoliticise depoliticised depoliticises depoliticising depoliticization depoliticized depoliticizes depoliticizing
deportment deportments
deprecate deprecated deprecates deprecating deprecatingly deprecation deprecations
dermatitis
dermis dermal
derrick derricks
despoil despoiled despoiling despoils despoliation
diachronic diachronically
dicta
diddle diddled diddler diddlers diddles diddling
dielectric
dietetic dietetics
dilatation dilatations
dilettante dilettantes dilettantish dilettantism
dirge dirgelike dirges
disabuse disabused disabuses disabusing
disbar disbarment disbarments disbarred disbarring disbars
discotheque discotheques
disinherited disinherit disinheriting disinherits
dissemble dissembled dissembler dissemblers dissembles dissembling
distemper distempers
doberman dobermann dobermanns dobermans
docket dockets
dodder doddered dodderer dodderers doddering dodders doddery
doff doffed doffing doffs
dogwood
dolomite
dotty dottier dottiest
downbeat
dowse dowsed dowser dowsers dowses dowsing
draughtsman draughtsmanship draughtsmen
dreadnought dreadnoughts dreadnaught dreadnaughts
dressage dressages
drivel driveled driveler drivelers driveling drivelled driveller drivellers drivelling drivels
droid droids
drub drubbed drubber drubbing drubs
dumbbell dumbbells
dumpty
ecclesial
egotism
electrocardiogram electrocardiograms
electrochemical electrochemicals
elegiac elegiacal elegiacally
elide elided elides eliding
embryology embryological
encephalitis encephalitic
encumbrance encumbrances
endive endives
endotoxin endotoxins
ennui
enteric
enzymatic
eon eons
epaulette epaulet epaulets epauletted epaulettes
epigram epigrammatic epigrammatically epigrammatist epigrams
episcopate episcopates
ergo
erotica
ersatz
erythrocyte erythrocytes
escrow
essentialism
estrogen estrogenic estrogens
estuarine
ethyl
etiology etiologic etiologies
eumenical ecumenism
eutrophic eutrophication eutrophy
evanescent evanescence
excelsior
excoriate excoriated excoriates excoriating excoriation excoriations
exoskeleton exoskeletal exoskeletons
expiry expiries
extramarital
extraordinaire
eyrie aerie aeries eyries
faire
famished
fanzine fanzines
farthing farthings
favela favelas
fealty fealties
feint feints
feldspar feldspars
feminize feminisation feminise feminised feminises feminising feminization feminized feminizes feminizing
ferrous
fey feyly feyness
fibroid fibroids fibrotic
fictive
finial finials
fink finked finking finks
firebrand firebrands
flab
flaccid
flatulent flatulence flatulently
flexion
floe floes
floret florets
foetal
foetus foetuses
folate
folksy
footloose
footplate footplates
fop foppish fops
forehand
foreshorten foreshortened foreshortening foreshortens
forethought
fossa fossae
foundling foundlings
fount founts
foxglove foxgloves
fractionate fractionated fractionates fractionating fractionation fractionations
franked franking franks
frig frigged frigging frigs
fructose
fulminate fulminated fulminates fulminating fulmination fulminations
fulsome fulsomely fulsomeness
furl furled furling furls
furlough furloughs
gab gabbed gabber gabbing gabs
gabble gabbled gabbles gabbling
gadfly gadflies
gaff gaffs
gaiter gaiters
gallium
gamete gametes
garrulous garrulously
gasification
gastrin
gastroenterology gastroenterologist
gecko geckoes geckos gekko gekkos
geisha geishas
gens
gentility gentilities
geochemical
geomorphic geomorphological
geordie geordies
gerbil gerbils
gingham
gliadin gliadins
glycol
goatee goatees
gopher gophers
gorse gorses
gpa
granuloma granulomas
gras
greatcoat greatcoats
gremlin gremlins
grommet grommets
gruel
guava guavas
guerre
gullet gullets
gumbo gumbos
gyro gyros
gyroscope gyroscopes gyroscopic gyroscopically
haberdasher haberdashers haberdashery
habitus
hackneyed
haemorrhoid haemorrhoidal haemorrhoids hemorrhoid hemorrhoidal hemorrhoids
hagfish hagfishes
haggis haggises
halcyon
hallucinogen hallucinogenic
harlot harlotry harlots
harped harping
hashemite hashemites
hashish
hasidic hasidism hassidic
haywire
heist heists
helluva
henna hennaed hennaing hennas
herculean
heretofore
heterodox heterodoxical heterodoxically heterodoxy
hieroglyphics
hillbilly hillbillies
hippocampal
hombre hombres
homeric
homophone homophones homophonic homophonous homophony
honorarium honoraria honorariums
hoodlum hoodlumism hoodlums
hoodwink hoodwinked hoodwinker hoodwinking hoodwinks
hoopla
hopi hopis
hors
hosta hostas
hotshot hotshots
hula hulas
hydra hydras
hydrophobic
hydrostatic hydrostatically
hydrothermal hydrothermally
hydroxyl hydroxyls
hypochondriac hypochondriacs
hypodermic hypodermically
hypotensive hypotension
hypothyroidism hypothyroid
igloo igloos
igneous
ignoble
imbed imbedded imbedding imbeds
immunosuppress immunosuppressant immunosuppressive
imperium
importune importunate importuned importunes importuning
inclement inclemently
incognito
incorrigible
individuate individuated individuates individuating
ineluctable ineluctability ineluctably
infamy infamies
infield infielder infielders
infra
ingenuous ingenuously
ingot ingots
ingratitude ingratitudes
inkjet inkjets
insensible insensibility insensibleness insensibly
instalment instalments
insuperable insuperably
interdict interdicts
interrogative interrogatively interrogatives
intra
intramural intramurally
intrauterine
intron introns
iodide iodides
irredeemable irredeemably
ism isms
isotrope isotropes isotropic isotropically
jamboree jamborees
jerkin jerkins
jingoist jingoism jingoistic jingoistically jingoists
jocks
jour
juke jukes
jute
kerchief kerchiefed kerchiefs
kingpin kingpins
kirsch
klingon klingons
lackey lackeys
lactic
lacuna lacunae
laggard laggardly laggardness laggards
lamprey lampreys
lancer lancers
lancet lancets
landlocked
lasagna lasagnas
lasagne lasagnes
lat lats
leery
legation legations
legato
lemur lemurs
leviathan leviathans
levity
licentious licentiousness
lifer lifers
limerick limericks
liminal liminality
limpid limpidities limpidity limpidly limpidness
livre livres
loopy loopier loopiest loopiness
louver louvered louvers louvred louvres
lowdown
luxuriate luxuriated luxuriates luxuriating
lyceum lyceums
lymphatic
lymphoid
lyre lyres
macaque macaques
macaw macaws
macs
magnetosphere
maharajah maharaja maharajahs maharajas
mais
mantis mantes mantises
marionette marionettes
marlin marlins
marmot marmots
marque marques
marquetry marquetries
maser masers
masochist masochists
massif massifs
mastic mastics
matador matadors
matzo matzoh matzohs matzos
mayday
measly measlier measliness
mennonite mennonites
ment
meritorious meritoriously meritoriousness
mesozoic
metabolise metabolised metabolising metabolize metabolized metabolizes metabolizing
metaplasia
miasma miasmal miasmatic miasmic
microfiche microfiches
microgram micrograms
micrograph micrographs
midline
midsole
mien
milliner milliners millinery
milt milts
mimesis
minima
ministration ministrations
minivan minivans
minke minkes
minuet minuets
miscellany miscellanies
misconceive misconceived misconceives misconceiving
miscue miscues
misdemeanor misdemeanors
mitotic
moccasin moccasins
mojave
monad monadic monads
monofilament
mononuclear
monorail monorails
mooch mooched moocher moochers mooches mooching
mooning mooned
moraine morainal moraines morainic
morpheme morphemes morphemic
muff muffs
muggy mugginess
mujahedeen mujahideen mujahidin
mullet mullets
multifarious multifariously multifariousness
multilevel multileveled
multipurpose
multitasking
mutable mutability mutably
nanometre nanometer nanometers nanometres
napalm
narcissus narcissi
nasturtium nasturtiums
natter nattered natterer nattering natters
natty nattily
nectarine nectarines
neigh neighed neighing neighs
neonate neonates
nervy nervier nerviest nerviness
nether
neurobiology neurobiological neurobiologist neurobiologists
neuromuscular
neuroscientist neuroscientists
newsagent newsagents
noncommittal
nth
nubian nubians
numeracy numeracies
oaf oafish oafishly oafs
obverse
occident occidental
occipital occiput
octane
octogenarian octogenarians
officious officiously officiousness
ohm ohms
okapi okapis
oligopoly oligopolies oligopolist oligopolistic
omni
onyx
oocyte oocytes
operant
operationalise operationalises operationalising operationalism operationalist operationalize operationalizes operationalizing
operetta operettas
optometrist optometrists optometry
ordinal ordinally ordinals
orthopaedics orthopaedist orthopedics orthopedist
osmotic
ossify ossification ossified ossifies ossifying
osteoarthritis osteoarthritic
outbid outbidded outbidding outbids
outclass outclassed outclasses outclassing
outplay outplayed outplaying outplays
overdress overdressed overdresses overdressing
overfed overfeed overfeeding overfeeds
overleaf
overstretch overstretched overstretches overstretching
oversupply oversupplied oversupplies oversupplying
oxidative
paean paeans
palladian
palpate palpated palpates palpating palpation palpations
pantheist pantheism pantheistic pantheistical pantheists
parakeet parakeets
paraplegic paraplegia
paroxysm paroxysmal paroxysms
parsonage parsonages
parthenon
participle participles
pasha
passim
pathophysiology pathophysiological
patrilineal patrilineally
patties
penury penurious
perambulate perambulated perambulates perambulating perambulation perambulations perambulator perambulators
percussive
perfidious perfidiously perfidy
perforce
perquisite perquisites
personae
peseta pesetas
pestle pestles
petrel petrels
phage
phalangist falangist falangists phalangists
phantasm phantasmal phantasms
phlox phloxes
phosphatase
phosphor phosphors
phosphorylation phosphorylations
photometer photometers photometric photometry
photovoltaic
phraseology phraseologies
phylogeny phylogenies
pigeonhole pigeonholed pigeonholes pigeonholing
pilaster pilasters
pilau pilaf pilaff pilaw
pillbox pillboxes
pinball
pinion pinioned pinioning pinions
pinto pintoes pintos
pippin pippins
piranha piranhas
pirouette pirouettes
planetarium
plasminogen
plaudit plaudits
pleura pleurae pleural pleuras
plexiglass
pliant pliantly
plonk plonked plonking plonks
plunk plunked plunking plunks
poinsettia poinsettias
poky pokey pokier pokiest pokily pokiness
polis
politico politicos
polythene
poo
porcine
portend portended portending portends
positron positrons
postnatal
posy posies
potash potashes
potpourri
prat prats
preempt empt empted empting emptive preempted preempting preemption preemptive preemptor preempts
prefab prefabs
prefecture prefectures
presidium presidiums
pretzel pretzels
prig priggish prigs
primus primuses
prion prions
prissy prissier prissiest prissily prissiness
privateer privateers
privates
privet
probity probities
prosciutto
prosody prosodic prosodical prosodically prosodies
prostatic
prosthetics prosthetist prosthetists
protean
protease proteases
psalter psalters psaltery
psycholinguistic psycholinguist psycholinguistically psycholinguistics psycholinguists
psychotropic
publican publicans
puck pucks
puffin puffins
punchy punchier punchiest
purloin purloined purloiner purloining purloins
quadrangle quadrangles
quartile quartiles
quasi
quatrain quatrains
querulous querulously querulousness
quicksilver
quinone quinones
raffia
ragtime
raison
rakish rakishly
rangy rangier rangiest ranginess
raster rastered rasterisation rasterisations rasterise rasterised rasterising rasterization rasterizations rasterize rasterized rasterizing rasters
rattan
realpolitik
reboot rebooted rebooting reboots
recherche
recondition reconditioned reconditioning
reconnoiter reconaissance reconnoitered reconnoitering reconnoiters reconnoitre reconnoitres reconnoitring
recumbent
redirection
redneck rednecked rednecks
redoubt redoubts
redoubtable redoubtably
refractive
rend rended rending rends
reportage
reprove reproved reproves reproving
retinopathy
retributive
revelatory
rhesus
rheumatic
rho rhos
ribald ribaldry
ribosome ribosomal ribosomes
riddance
riposte ripostes
ritzy ritzier ritziest ritziness
roadster roadsters
roan
rollercoaster rollercoasters
rollicking
roughshod
ruck rucked rucking rucks
ruminant ruminants
samba sambas
sapiens
sarcoma
sarong sarongs
satyr satyrs
savant savants
scamp scamps
scientology scientologist scientologists
scotched scotches scotching
scrip scrips
scrubby
scrutinise scrutinisation scrutinised scrutinises scrutinising scrutinization
sedge sedgy
seesaw seesawed seesawing seesaws
semaphore semaphores
seneschal
septum septa
sepulchre sepulchral sepulchrally sepulchres
serif serifed seriffed serifs
sharia shariah
sharpshooter sharpshooters sharpshooting
shortbread shortbreads
shuck shucked shucker shucking shucks
sidecar sidecars
silage ensilage ensilages silages
simper simpered simperer simpering simpers
simplex
sinusoidal
sion
sirloin
skittle skittled skittles skittling
sleight
slovenly slovenlier slovenliest slovenliness
smooch smoocher smooches smooching smoochy
snazzy snazzier snazziest
snooty snootier snootiest snootily snootiness
soapbox soapboxes
sociopath sociopathic sociopaths
sociopolitical
socratic socratically
softie softies softy
soiree soirees
solenoid solenoids
solicitude
solitaire
solute solutes
sophomore sophomores sophomoric
souk souks suq suqs
soundbite soundbites
soya soyas
spats
spay spayed spaying spays
spectrometry spectrometries
speedometer speedometers
spendthrift spendthrifts
spigot spigots
springbok springboks
squish squished squishes squishing
stamen stamens
stanchion stanchions
staphylococcus staphylococcal staphylococci staphylococcic
stator
steeplechase steeplechases
stereoscope stereoscopes stereoscopic stereoscopically
stickler sticklers
stipple stippled stipples stippling
stoma stomas stomata
stooge stooges
stultify stultified stultifies stultifying stultifyingly
subjunctive
submucosa submucosal
sucrose sucroses
sufi sufic sufism
summat
sumo
sundae sundaes
sunder sundered sundering sunders
superannuate superannuated superannuates superannuating superannuation
supercilious superciliously superciliousness
supernatants supernatant
superordinate superordinately
superscalar
supplicant supplicants
supremo supremos
suss sussed susses sussing
sweepstake sweepstakes
syllogism syllogisms syllogistic syllogistically
sylvan
synchrotron synchrotrons
syncretic syncretically syncretism
tachycardia tachycardias
tactician tacticians
tallow tallowy
tamp tamped tamping tamps
tanner tanners
tapas
tarantula tarantulas
tarry tarried tarries tarrying
tatty tattier tattiest
taxidermy taxidermist taxidermists
techs
teetotal teetotaler teetotalers teetotalism
teflon
telemetry telemetric telemetrically
telephoto
telethon telethons
tellingly
telomere telomerase telomeres
tempera
tenderloin tenderloins
terrapin terrapins
testator testators
thalidomide
thereon
thereupon
thespian thespians
thimble thimbles
thoroughgoing
thunk thunked thunking thunks
tiff tiffs
titrate titrated titrates titrating titration titrations
titular
toboggan toboggans
tonsillectomy tonsillectomies
topiary topiaries
torpor torpors
tourniquet tourniquets
tracery traceries
tracksuit tracksuits
tranche tranches
translocate translocated translocates translocating translocation translocations
transponder transponders
travelogue travelogues
treacle treacles
tremolo tremolos
triage
trilby trilbies
tripe tripes
triplicate triplicates
triumvirate triumvirates
trotskyism trotskyist trotskyite trotskyites
truculent truculence truculently
tupperware
turgid turgidities turgidity turgidly
turnkey turnkeys
turtleneck turtlenecks
tutu tutus
tweet tweeted tweeting tweets
twill twills
tyke tykes
typecast typecasting
tyrosine tyrosines
ukelele uke ukeleles ukes ukulele ukuleles
unbecoming
uncouth uncouthly uncouthness
unctuous unctuously unctuousness
underclothe underclothes underclothing
underpass underpasses
underplay underplayed underplaying underplays
undertow
unflappable
ungodly
unisex
unprepossessing prepossessing
unrelieved unrelievedly
upmarket
upstanding upstandingness
usury usuries usurious usuriously
utero
valedictory valediction valedictions valedictorily
varices
verity verities
vert
vertiginous vertiginously
vintner vintners
vis
vive
voila
voluble volubly
vortices
vulva vulval vulvas
washout washouts
wattle wattled wattles
wayfaring wayfarer wayfarers
wellie wellies wellingtons
whitefly whiteflies
whither
whopper whoppers
winkle winkles
winsome winsomely winsomeness
wisteria wisterias
wolverine wolverines
workaday
workfare
wraith wraiths
xyz
yin
yip yipped yipping yips
yoghurt yoghurts
yore
yowl yowled yowling yowls
yucca yuccas
yule yuletide
yurt yurts
zeitgeist zeitgeists
zeppelin zeppelins
zooplankton 
