abalone abalones
abase abased abasement abasements abases abasing
ablution ablutions
abseil abseiled abseiler abseilers abseiling abseilings abseils
acanthus
accademia
acidosis
adenoidectomy
adenoma adenomas
admixture
affray affrays
africanized africanisation africanised africanization
agate agates
agog
agora agorae agoras
ague agues
airplay
albedo
alimentary alimentation
aliquot aliquots
allegro allegros
allograft allografted allografting allografts
alumina
amal
amaryllis
amenorrhoea amenorrhea amenorrheic amenorrhoeic
amidships
ammonite ammonites ammonitic
anabaptist anabaptism anabaptists
anaphor anaphora anaphoric anaphors
anaphylaxis anaphylactic anaphylaxes
anastomosis
angelfish
angiogenic angiogenesis
anglaise
anglophile anglophiles anglophilia anglophilic
anhydride anhydrous
anklet anklets
annular
anodyne anodynes
antebellum
anther antheral anthers
anthracite
anthropocentric anthropocentrically anthropocentricity anthropocentrism
anthropometric anthropometry
anthropomorphise anthropomorphism
antimony
antipasto antipasti
antipodes antipodal antipodeal antipodean
antral
apologia
apostolate apostolates
apposition appositions appositive
aquatint aquatinter aquatintist
arachidonic
arcadia arcadian
argot
armageddon armageddons
armoire armoires
arrondissement arrondissements
articular articulary
arugula
ascorbic
ashram ashrams
assize assizes
astigmatic astigmatism
astro
astrodome
atrophic
aureole aureoles
autoclave autoclaved autoclaves autoclaving
axillary
ayurvedic ayurveda
baccarat
backgammon
backpedal backpedaled backpedaling backpedalled backpedalling backpedals
bacteriophage bacteriophages bacteriophagy
bal
balsa
barbel barbels
barcode barcoded barcodes barcoding
barmy barmier barmiest
basset bassets
batik batiked batiks
bazooka bazookas
bebop
bedsit bedsits
belabour belabor belabored belaboring belabors belaboured belabouring belabours
benefice benefices
bergamot
berm berms
beryllium
besmirch besmirched besmirches besmirching
betide betided betides betiding
betoken betokened betokening betokens
betwixt
bidet bidets
bigamy bigamist bigamists
biocontrol
bioengineered bioengineering
bioethics bioethic bioethical bioethicist bioethicists
biome biomes
biosolid biosolids
biotech biotechnological biotechs
biotin biotinylated
biphenyl biphenyls
bisque bisques
bitmap bitmaps
blackball blackballed blackballing blackballs
blam
blancs
blather blathered blathering blathers
bluefin
bole boles
boll bolls
bollard bollards
bonjour
boson bosonic bosons
botulism
bouffant
boyar boyars
brassica brassicas
breadfruit breadfruits
bridgehead bridgeheads
brioche
briquette briquettes
bromine
bronchodilator bronchodilators
brouhaha brouhahas
brushwood
buckwheat
buckyball buckyballs
buf
bulrush bullrush bullrushes bulrushes
bumpkin bumpkinish bumpkinly bumpkins
burgess burgesses
bursary bursaries
butterfat
butterscotch
cabriolet cabriolets
cacique caciques
cadge cadged cadger cadges cadging
caftan caftans
cahoots
calcareous
calumny calumnies
camber cambered cambering
camembert
camphor
camshaft camshafts
canape canapes canapés
candor
canker cankerous cankers
canna
cantaloupe cantaloupes
cantor cantors
capacitive
capo capos
cappella
capuchin capuchins
carabinieri
cardio
carpal
catalysis
catarrh catarrhs
catnip catmint
causa
cauterise cauterisation cauterised cauterises cauterising cauterization cauterize cauterized cauterizes cauterizing
cecum caecal caecum cecal cecally
cenotaph cenotaphs
centrepiece centrepieces
centripetal centripetally
cephalopod cephalopods
cerebrospinal
cession cessions
chanson chansons
chanterelle chanterelles
chapati chapatis chapatti chapattis
chatterbox chatterboxes
cheep cheeped cheeping cheeps
chelate chelates chelating chelation chelator chelators
chequered
cheroot cheroots
chiaroscuro chiaroscuros
chicanery chicaneries
chignon chignons
chine chines
chiral chirality
chitchat chitchats chitchatted chitchatting
chloroplast chloroplasts
chock
chorizo chorizos
choses
christological
chromatin
cimetidine
circumpolar
cisplatin
civvy civie civvies
clade clades
clast clastic clasts
clavicle clavicles
cline
clitoral clit
clomp clomped clomping clomps
clop clopped clopping clops
cockatoo cockatoos
codicil codiciliary codicils
cofactor cofactors
colectomy
coliform
colloquy colloquies
collusive
colobus
comfrey
commissariat commissariats
concordant concordantly
concordat
conga congas
conjuncture
conspecific conspecifics
contiguity
continuo continuos
contradistinction
contusion contusions
coopt coopted coopting coopts
copolymer copolymers
copra
corbel corbeled corbeling corbelled corbelling corbels
corgi corgis
corm corms
cornet
cortege corteges
cortisone
cosi
cosine cosines
coterminous
cotta
cottonwood cottonwoods
counterpane counterpanes
countersink countersinking countersunk
courgette courgettes
covalent
craw craws
crawfish
creel creels
crenellate crenellated crenellating crenellation crenellations
crikey
cubby
cud cuds
cufflink cufflinks
curmudgeon curmudgeonliness curmudgeonly curmudgeons
cyanobacteria cyanobacterial
cyclamen cyclamens
cytochrome cytochromes
cytomegalovirus
cytoplasmic
debility debilities
decal decals
decrepitude
dehumanise dehumanisation dehumanised dehumanises dehumanising dehumanization dehumanize dehumanized dehumanizes dehumanizing
dehydrogenased dehydrogenase
deictic
delist delisted delisting delists
deltoid deltoids
demerits demerit
denationalize denationalisation denationalise denationalised denationalises denationalising denationalization denationalized denationalizes denationalizing
derailleur derailleurs
desperado desperadoes desperados
determiner determiners
deviled devilled
dexamethasone
diamondback diamondbacks
diatonic diatonically
dichotic
dieu
diorama dioramas
disaffiliate disaffiliated disaffiliates disaffiliating disaffiliation
dissimulate dissimulation
dissolute dissolutely dissoluteness
dit dits
doggerel
dogleg doglegs
dolce
dolt doltish doltishly doltishness dolts
doppelganger doppelgangers
dovecote dovecot dovecotes dovecots
dragnet dragnets
drat dratted
drawdown drawdowns
droit
drover drovers
ducky
dyspeptic dyspeptically
dyspnoea
ecotourism ecotourist ecotourists
effectual effectuality effectualness
effendi
egghead eggheads
egress egresses
eiderdown eiderdowns
eine
elderberry elderberries
electro
electroplate electroplated electroplates electroplating
elision elisions
ellipsoid ellipsoidal ellipsoids elliptic
elocute elocuted elocutes elocuting elocution
elute eluted elutes eluting elution
embolism embolismic
emollient emollients
emolument emoluments
emulsify emulsification emulsified emulsifies emulsifying
enamoured
enchilada enchiladas
endogamy endogamous
enfant enfants
equilateral equilaterally
erg ergs
ermine
erosive
escapement
escudo escudos
esprit ésprit
espy espied espies espying
ethernet
evert eversion everted everting everts
excalibur
excitatory
exotica
fellatio
ferryman ferrymen
fez fezes fezzes
fiberglass fibreglass
fibril fibrils
fibrin fibrinous
fibula fibulae fibular fibulas
ficus ficuses
fife fifes
fil
firmware
fishtail fishtailed fishtailing fishtails
fisticuff fisticuffs
fitch fitches
flagon flagons
formalin formalins
forme
frat frats
fratricide fratricidal fratricidally
freefall
freeload freeloaded freeloader freeloaders freeloading freeloads
freesia freesias
friable friability
frogman frogmen
ful
fullerene fullerenes
fulminant fulminantly
fundus fundi
furor
fusillade fusillades
gainsay gainsaid gainsayer gainsayers gainsaying gainsays
galena
gallbladder gallbladders
galosh galoshes
garrot garotte garotter garotters garroted garroting garrotte garrotted garrotting
gastropod gastropods
gating
gaucho
gawp gawped gawping gawps
gentamicin
genuflect genuflected genuflecting genuflects
geochemistry geochemistries
germanium
gibbet gibbets
gibe gibes
gigabyte gigabytes
gigolo gigolos
gimlet gimlets
ginkgo ginkgos
gizzard gizzards
glaucous glaucousness
glazier glaziers glaziery
glug glugged glugging glugs
glycerine
glycine
gnocchi
goby gobies
goldenrod goldenrods
gonad gonads
gonorrhoea
gorgon gorgons
goulash goulashes
gramps
grandiloquent grandiloquence grandiloquently
grange granges
greenback greenbacks
groupware
guacamole
guanine guanines
gulfstream
gumption
gunk gunky
hadron hadronic hadrons
haemophilia haemophiliac haemophiliacs
haemostasis hemostasis
hagiography hagiographer
halleluia alleluia
halon halons
hansom hansoms
haplotype haplotypes
happenstance happenstances
haricot haricots
harmonium harmonia harmoniums
haulier hauliers
hauteur
haversack haversacks
hearken hearkened hearkening hearkens
hemolytic haemolysis haemolytic hemolysis
heraldry heraldries
heuristics
hick hickish
hidebound
hippocampus hippocampi
hippocratic
histone histones
hittite hittites
hobnob hobnobbed hobnobber hobnobbing hobnobs
hoi
homme
homogenates homogenate
honcho honchos
honky honkey honkeys honkies honkys
hornbill hornbills
horseplay
huckster hucksterism hucksters
humidify humidifier humidifiers humidifying
humvee humvees
hussy hussies
hustings
hydrochloride hydrochlorides
hymen hymenal hymens
hyperkinetic
hyperspace
hypha hyphae hyphal
hypochondria
hypoglycaemia hypoglycaemic hypoglycaemics
iatrogenic
icbm icbms
idolater idolaters idolator idolators idolatrous
ileum
illiquid
illus
imago imagos
immunogenicity immunotherapy
immunosuppressed immunosuppression
impasto impastoed impastos
impecunious impecuniosity impecuniously impecuniousness
imprecate imprecated imprecates imprecating imprecation imprecations imprecatory
inasmuch
inbuilt
incubus incubi incubuses
indomethacin
ingress ingresses ingressing ingression ingressions
insectivore insectivores insectivorous
institut
interfax
interglacial
ionosphere ionospheric ionospherically
iphone
ironmonger ironmongers ironmongery
isomorph isomorphic isomorphically isomorphism isomorphs
jackdaw jackdaws
jell jelled jelling jells
jetsam
jigger jiggered jiggering jiggers
jodhpur jodhpurs
kabuki
kaffir kaffirs kafir kafirs
kali
kanji
keck kecks
ketamine
ketch ketches
kibble kibbled kibbles
kinesthetic kinaesthesis kinaesthetic kinaesthetically kinesthesis kinesthetically
klaxon klaxons
kooky kookie kookier kookiest kookiness
kopek kopeck kopecks kopeks
krispies
kroner kroners
kumquat cumquat cumquats kumquats
kung
labile lability
lackadaisical lackadaisically
lama lamas
laminar
lasso lassoer
laudanum
laundromat laundromats
lave laved laver laves laving
lea leas
lector lectors
lepton leptons
lettre lettres
leucocyte leucocytes
leukotriene leukotrienes
licorice
lidocaine
liege lieges
limn limned limner limners limning limns
linden lindens
lineament lineamental lineaments
lionise lionised lionises lionising lionize lionized lionizes lionizing
listeria listerias
locution locutions
loess
lovelorn
lowbrow lowbrows
lube lubed lubes lubing
luger lugers
luxe
lymphadenopathy
lysis
macadamed macadam
madonna madonnas
magister
magnetometer magnetometers
majolica maiolica
malabsorption
malachite
maladministration
malefactor malefactors
malian
malinger malingered malingerer malingerers malingering malingers
mallow mallows
malodorous
mammary mammaries
manacle manacles
manitou manitous
mano manos
manufactory manufactories
maquiladora maquiladoras
mardi
marl
masala
masseuse masseuses
mastitis
materiel
matins
maven mavens
mawkish mawkishly mawkishness
mealy
medulla medullary
meerkat meerkats
megabit megabits
megaton megatons
meiosis
mellifluous mellifluously mellifluousness
mendelian mendelism mendelist
mendicant mendicants
merlot merlots
mesquite mesquites
metastasise metastasised metastasises metastasising metastasize metastasized metastasizes metastasizing
methionine
methylene
microclimate microclimates
microcontrol microcontrolled microcontroller microcontrollers microcontrolling microcontrols
microgravity
microsecond microseconds
microtubule microtubules
milkweed milkweeds
millipede millipedes
minerology mineralogical
minimis
miniseries
misdemeanour misdemeanours
missal missals
moderne
molybdenum
monetise monetisation monetised monetises monetising monetization monetize monetized monetizes monetizing
monger mongering mongers
monkfish
monocular
monolayer monolayers
monopole monopoles
monotonic
montane
mortician morticians
mortis
motocross
moulder mouldered mouldering moulders
moulin
movimiento
muesli mueslis
muezzin muezzins
mullion mullioned
multicolored
multimillionaire multimillionaires
multimode multimodal
multipolar
mummer mumm mummed mummers mummery mumming mumms
mumps
munificent munificence munificently
murine
musique
muskrat muskrats
mutagenesis mutagenic
muzak
myelin myelinic
mynah mina minah minahs minas myna mynahs mynas
nacho nachos
nar
narthex
narwhal narwhale narwhals
nasogastric
naturopathy naturopath naturopathic naturopaths
nazionale
necropolis
needlepoint
negligee negligees negligée negligées
neo
neocortex neocortical
neoplasia
neuralgia neuralgic neuralgically
neurochemistry neurochemical neurochemicals neurochemist neurochemists
neurone neurones
newfangled newfangledness
niacin
nightstick nightsticks
nigra
nitpick nitpicked nitpicker nitpickers nitpicking nitpicks nitpicky
nitroglycerine nitroglycerin
noggin noggins
nom
nomenclature nomenclatures
nonentity
nostrum nostrums
nubile nubility
nucleate nucleated
nucleon nucleons
numerology numerological numerologist
numismatic numismatical numismatically numismatics numismatist numismatists numismatology
nuncio nuncios
nutcase nutcases
obscurantism obscurantist
odeon odeons
omeprazole
oncogene oncogenes
onomatopoeic onomatopoeia onomatopoeical onomatopoetic onomatopoetical
ontogeny ontogenesis ontogenetic
opalescent opalescence
operand operands
opprobrium
organochlorine organochlorines
organza
orthodontic orthodontia orthodontically orthodontics orthodontist orthodontists
orthopedic
oscilloscope oscilloscopes oscilloscopic oscilloscopically
ouija ouijas
outwith
overstressed
overweening overweeningly
oxidase
oxtail oxtails
palaver
paleolithic
paling palings
pampas
panegyric panegyrical panegyrically panegyrics
pantaloons pantaloon
papist papists
paraglider paragliding
paralegal paralegals
parallelogram parallelograms
paramour paramours
paraprofessional paraprofessionals
parapsychology parapsychological parapsychologist
parastatal parastatals
parlay parlayed parlaying parlays
parte
patchouli
patella patellae patellar patellas
pater
pax
pedlar pedlars
pedometer pedometers
pent
penumbra penumbrae penumbras
peon peones peons
pepperoni
pepsin
perdition
peritoneal peritoneally peritoneum peritoneums
periwinkle periwinkles
peroxidase peroxidases
persimmon persimmons
perspex
pertussis
peyote
phenolic phenolics
picaresque
piccolo piccoloist piccolos
pickaxe pickaxes
pigsty pigsties
pilsner pils pilsener pilseners pilsners
pineal
pion pions
pizazz pizzaz pizzazy pizzazz pizzazzy
plaice plaices
plasticine plasticines
platypus platypi platypuses
ploughshare ploughshares plowshare plowshares
plutocrat plutocracy plutocratic plutocrats
polonium
poltergeist poltergeists
polyglot polyglots
polymorphic polymorphically
polyposis
polysaccharide polysaccharides
polyvinyl
pomeranian pomeranians
poppers
porting
portmanteau
poseur poseurs
postprandial
potentiate potentiated potentiates potentiating
practicum practicums
praetor praetorian praetors
preamp preamps
precis précis
primp primped primping primps
proband probands
pronominal pronominals
proscenium proscenia prosceniums
proteolytic
protrusion protusions
psychomotor
psychophysical
psyllium
ptarmigan ptarmigans
puckish puckishly puckishness
puerile puerilely puerility
pugilist pugilism pugilistic pugilistically
pygmalion pygmalions
pyrex
pyrite
pyrrhic
pythagorean
quadriplegia quadriplegic
quadruped quadrupeds
quanta
quantisation quantization
quarto quartos
quartzite
quiescence
quran quranic
qwerty
radian radians
raffish raffishly raffishness
rancorous
ranitidine
ratatouille ratatouilles
rectilinear
reefer reefers
remaster remastered remastering remasters
renamo
reproof reproofs
rescission
reticulum reticula
retinol
reuptake
ribber ribbers
riboflavin
rickets
ricks
rien
riesling rieslings
rightwing
rigmarole rigamarole
rill rills
risible risibly
risque risqué
romany romanies
rookery rookeries
rubberneck rubbernecked rubbernecker rubberneckers rubbernecking rubbernecks
rubella
ruching ruched
rufous
saccharin
sacrum sacra
sadomasochism sadomasochist sadomasochistic
safflower
sagacity
sallies sallied sallying
salubrious
salver salvers
satiated
satrap satraps
sauerkraut
scabies
scampi
scapula scapulae scapulas
scherzo
schizoid schizoids
schtick shtick shtik
scientism
scimitar scimitars
scouse scouser scousers scouses
scrapie
screed screeds
screener screeners
seahorse seahorses
seemly
selfsame
semiology semiological semiologist semiologists
semolina
sephardic sephardim
septal
septicaemia septicemia
sequoia seqouias
sessile
sett setts
sextant sextants
shakedown shakedowns
shamen
shandy shandies
sharps
shibboleth shibboleths
shim shimmed shims
shindig shindigs
shiner shiners
sidereal
silurian
sinfonia
singlet singlets
sitar sitars
skipjack skipjacks
skulduggery skulduggeries skullduggeries skullduggery
smorgasbord smorgasbords
sommelier sommeliers
sonogram sonograms
soporific
sot sots sotted
spermicide spermicidal
sphagnum
spina
spinnaker spinnakers
splenic
spongiform
sprocket sprockets
spume spumous spumy
squeegee squeegees
squib squibs
stagflation stagflationary
stele stelae steles
stingray stingrays
stoat stoats
stratigraphic
streptokinase
stringers
strontium
strophe strophes strophic
strudel strudels
subclinical subclinically
suborn subornation suborned suborner suborning suborns
suchlike
sufferance
sulphide sulphides
sultana sultanas
sultanate sultanates
superfluid superfluidity superfluities
supergiant supergiants
supernumerary supernumeraries
superoxide superoxides
superset supersets
surefire
surtax surtaxes
suzerain suzerains suzerainty
switchblade switchblades
sybarite sybaritic sybaritically sybaritism
symbiont symbionts
synchronic
synchronise synchronisation synchronised synchronises synchronising
syndicalist syndicalism
syndicat
syntagmatic syntagmatically
tabor tabors tabour tabours
taffy
tailspin tailspins
talus
tamarind tamarinds
tansy
tapioca
tare tared tares taring
taro taros
tater taters
tattle tattled tattler tattlers tattles tattling
tek
telecommute telecommuting
teletext teletexts
telluride tellurium
teriyaki
testa
thalamus thalamic
thallium
theophylline
thermocouple thermocouples
thomist thomism thomistic thomists
thrombus
tian
timorous timorously timorousness
tink tinked tinking tinks
titre
titres
tizz tizzies tizzy
toff toffs toffy
togs togged togging
toile toiles
toilette
topos topoi
torah torahs
toroid toroidal toroids
torpid torpidity torpidly
toucan toucans
tourney tourneys
toxics
tracheotomy tracheotomies
translational
transmogrify transmogrification transmogrified transmogrifies transmogrifying
trapezoid trapezoidal
trattoria trattorias
trefoil trefoils
trencher trencherman trenchermen trenchers
triathlete triathletes
tricolor tricolors
trig
trigonometry
trinidadian
trois
trousseau trousseaus trousseaux
tsetse
tumbledown
tumbleweed tumbleweeds
turboprop
turncoat turncoats
tussock tussocks
tutti
twat twats
typo typos
typological
tyrannosaurus
ulema
underwhelm underwhelmed underwhelming underwhelms
unidimensional
uprate uprated uprates uprating
uptick
vaccinia
vagal vagally vagus
vedic veda vedas
vegetal
venturi
verbena verbenas
vernal vernally
vers
verso
vesper vespers
viburnum viburnums
vill vills
villus villi
viridian
virology virological virologically virologist
viscoelastic
vitreous
vitro
vizier viziers
voce
volumetric
voluntarism
walleye walleyes
wanderlust
warthog warthogs
wen
whelp whelped whelping whelps
whinge whinged whingeing whinger whingers whinges whinging
whippet whippets
whirligig whirligigs
whiteout whiteouted whiteouting whiteouts
whitetail whitetails
whodunit whodunits
wholemeal
wiener
yob yobbo yobboes yobbos yobs
yokel yokels
zag zagged zagging zags
zeolite zeolites
zidovudine
zilch
zippo
zippy zippier zippiest 
