abductee abductees
abuzz
acetaldehyde
acyclovir
adagio
adiabatic
adios
adipose adiposity
adventitious adventitiously adventitiousness
adze adzes
afoul
afrocentric
agglutinate agglutinated agglutinates agglutinating agglutination agglutinative agglutinin agglutinins
agouti agoutis
agroforestry
ahoy
aldrin
alfresco
allocative
allometric allometries allometry
alopecia
amaretti amaretto
ambrosia ambrosial
ampicillin
ampoule ampoules ampule ampules
anaconda anacondas
anasazi
andante
angiogram angiograms
angstrom angstroms
annales
anodise anodised anodises anodising anodize anodized anodizes anodizing
anorectal anorectic
antediluvian antediluvians
anthropoid anthropoids
antinomian antinomianism
antonym antonymic antonymous antonyms antonymy
antsy
aphis
appertain appertained appertaining appertains
appurtenance appurtenances
apres après
aquarian aquarians
arachnid arachnids arachnoid
arb arbs
arbitral
archaean archaea archaeal archea archeal archean
architrave architraves
archon archons
arcsecond arcseconds
ardour ardours
arrogate arrogated arrogates arrogation
arrowroot
arsenide arsenides
arteriosclerosis arteriosclerotic
asbestosis
asinine asininely asininity
asperity asperities
aspic
astrolabe astrolabes
astroturf
atherosclerotic
attainder
autarkic autarky
autocorrelation
autologous autologously
avocation avocational avocations
bacchanal bacchanalia bacchanalian
backbite backbit backbiter backbites backbiting backbitten
baggie baggies
baleen
balkanized balkanisation balkanised balkanization
bambino bambini
bandolier bandoleer bandoleers bandoliers
bantamweight bantamweights
bap baps
barf barfed barfing barfs
barrelled barrelling
basilisk basilisks
basso
bated
bathetic bathetically bathos
baulk baulked baulking baulks
beadle beadles
bearcat bearcats
beetroot beetroots
belladonna
bellwether bellwethers
bestiary bestiaries
betel
bewail bewailed bewailing bewails
biddy biddies
bifida
bight bights
bilberry bilberries
bilk bilked bilking bilks
binaural binaurally
bioluminescence bioluminescent
biophysics biophysicist
biosensor biosensors
biosynthetic biosynthesis biosynthetically
bipedalism
bittern bitterns
bitumin bituminous
blackcurrant blackcurrants
blackface
blackthorn blackthorns
blighter blighters
blowsy blowsier blowsiest blowsiness blowzier blowziest blowziness blowzy
blub blubbed blubbing blubs
bodega bodegas
boffin boffins
bonbon bonbons
bonne
bootee bootees bootie
borage
bordello bordellos
borealis
borscht
bothy bothies
bottler bottlers
bouillabaisse
bowhead bowheads
boyo
bract bracts
braggart braggarts
brahman brahmanical brahmaninc brahmanism brahmans
briny
broads
bromeliad bromeliads
brontosaur brontosaurus
brucellosis
bugbear bugbears
bunion bunions
burk burks
burro burros
busboy busboys
bushwhack bushwhacked bushwhacker bushwhackers bushwhacking
bustard bustards
butyrate
byelaw byelaws
byre byres
cabana cabanas
cabbalist cabbalah cabbalism cabbalistic kabbalah kabbalism kabbalist kabbalistic
cacao
caesarian caesarians
camo camos
camomile camomiles
candidiasis
candour
canola
canticle canticles
capon capons
carboxyl carboxylic
carcase carcases
carcinogenesis
carex
caries
carotenoid carotenoids
carpetbag carpetbagger carpetbaggers carpetbaggery
carrel carrels
caryatid caryatids
cassowary cassowaries
castanet castanets
catechetical
caterwaul caterwauled caterwauler caterwaulers caterwauling caterwauls
catkin catkins
ceilidh ceilidhs
cel cels
censer censers
cerebrovascular
chamfer chamfered chamfering
chandler chandlers chandlery
chanteuse chanteuses
chantry chantries
charism charisms
charnel
charolais
chary charier chariest charily chariness
cheapo cheapos
cheapskate cheapskates
chemiluminescence chemiluminescent
chervil
chicano chicanos
chickweed chickweeds
chihuahua chihuahuas
chinchilla chinchillas
chiropody chiropodist chiropodists
chirrup chirruped chirruping chirrups
chitter chittered chittering chitters
chloramine chloramines
chloroquine
choleric choler cholerically
cholinergic cholinergically
chorion chorionic
chromatogram chromatograms chromatograph chromatographer
chronotope chronotopes
cinnabar cinnabarine
circumlocute circumlocuted circumlocutes circumlocuting circumlocution circumlocutions circumlocutory
citric
civet civets
civitas
claptrap
clinique
cloze clozes
codger codgers
coevolution coevolutionary
coho cohos
coleus
colostrum colostral
comms
commutate commutated commutates commutating commutation
compadre compadres
conjunctivitis conjunctiva
connectionism connectionist connectionists
contessa contessas
contraindicate contraindicated
contrarian contrarians
copepod copepods
copperplate
cordite
cosa
costar
cottar cotter
coulis
counterparty
cour
cowslip cowslips
crankcase crankcases
crappie crappies
crepuscular crepuscularly
crick cricked cricking cricks
crit crits
crotchet crotchets
croupier croupiers
crystallite crystallites
culotte culotted culottes
culpa
cummerbund cummerbunds
cumulate cumulated cumulation cumulations
cuneiform
curettage
curie curies
curragh curraghs
cyberpunk
daffy daffier daffiest dafily
dang danged
decongestant decongestants
decontrol decontrolled decontrolling
decrypt decrypted decrypting decryption decryptions decrypts
deflower deflowered deflowering deflowerment deflowers
deism deist deistic deistical deistically
delphic delphically
demigod demigods
dendrochronology dendrochronological dendrochronologically dendrochronologist
denier deniers
desideratum desiderata
deuteron deuterons
dewater dewatered dewatering
dexterous
dextrose
diadem diadems
dib dibs
dicker dickered dickering dickers
digitalis
dilly dillies
dingo dingoes
dippy dippier dippiness dippyiest
dipstick dipsticks
discography
disfranchise disfranchised disfranchisement
dishy dishier dishiest
disinter disinterred disinterring
disinvestment
disquisition disquisitions
disrobe disrobes disrobing
distaff distaffs
divestiture divestitures
doge doges
dogfish
dolorous dolor dolorously dolorousness dolour
dormouse dormice
dosh
douche douches
doughty doughtier doughtiest doughtily doughtiness
downhearted downheartedly downheartedness
doyenne doyennes
ducat ducats
ductal
duopoly duopolies
dybbuk
dystopia dystopian dystopias
earwig earwigs
echocardiograph echocardiographer echocardiographic echocardiographies echocardiography
eclair eclairs
ecole ecoles école écoles
efferent efferently
egomania egomaniac egomaniacal egomaniacally egomaniacs
eidetic
elastin
electrocardiograph electrocardiographic electrocardiographically electrocardiography
electrodynamic electrodynamics
elephantine
elysian
emboli embolic
embrasure embrasures
embryologic embryologist embryologists
emporia
encomium encomia encomiums
enders
endothelin
endotracheal endotracheally
ephedrine
epicopal episcopacy
epo epos
erectile
erogenous
escutcheon escutcheons
ese eses
espadrille espadrilles
estoppel estoppels
estrous estral estrus oestral oestrous
excrescence excrescences
excreta
exculpate exculpated exculpates exculpating exculpation
exocet
exogamy exogamic exogamies exogamous
expostulate expostulated expostulates expostulating expostulation expostulations
extensional
extramural extramurally
exudate exudates exudation exudations exudative
facies
faience
fain
fantail fantails
faun fauns
fauve fauves
fayre
fedayeen
fentanyl
ferric
ferrule ferruled ferrules ferule feruled ferules
fescue
fess fessed
fibrinolysis fibrinolytic
fibromyalgia
fiddly fiddlier fiddliest
fie
filofax filofaxes
flitter flittered flittering flitters
flocculate flocculant flocculated flocculates flocculating flocculation flocculator flocculent
fluorine
fluvial
forelock forelocks
forint forints
fovea foveae foveal
foxhole foxholes
foxtrot foxtrots
fulmar fulmars
fungible
funicular funicula
gaga
gallivant gallivanted gallivanting gallivants
galvanic
gambol gamboled gamboling gambolled gambolling
gameboy gameboys
gameplay
gamesmanship
gamey gamier gamiest gamy
gastronomy gastronomical
gateau gateaux gâteau
gazan gazans
gente gentes
gentian
geostationary
gesellschaft
gherkin gherkins
giardia
gie gies
gimp gimped gimping gimps
glaciology glaciological glaciologist glaciologists
gladiatorial
glial
glomerular
glottal glottis
glycerol
glyph glyphs
gobbet gobbets
gofer gofers
goitre goiter goiters goitres
gondolier gondoliers
gook gooks
goosebump goosebumps
gordian
goy goyim goyish goyishly goys
grandes
grapeseed
graven
gravis
griffon griffons
grinch grinches
grisaille
grotty grottier grottiest
groundhog groundhogs
groundnut groundnuts
guesstimate guesstimated guesstimates guesstimating
guff
guillemot guillemots
gulden
gusset gussets
guv guvs
gybe gybed gybes gybing
habeas
hadith hadiths
haj hadj hadji haji hajj hajji
halberd halberds
halyard halyards
hammed hamming
hammerhead hammerheads
hammy hammier hammiest hammily hamminess
hangdog
hardball
harridan harridans
hedonic
hellebore helleborus
henceforward
hepatocellular
hereto
hetero
hieratic hieratically
hieroglyphic hieroglyphical hieroglyphically
hightail hightailed hightailing hightails
hirsute hirsuteness
histoire
hoardings
hogwash
hominoid hominoids
hoodoo hoodoos
hooky hookey hookeys hookies
hoplite hoplites
hosanna hosannah hosannas
hospitaller hospitallers
howitzer
hummock hummocky
humongous
humoral
hydrocortisone
hydrofoil hydrofoils
hydrogel hydrogels
hydrographic hydrographer hydrographers hydrography
hydrolyse hydrolysed hydrolyses hydrolysing hydrolyze hydrolyzed hydrolyzes hydrolyzing
hydroplane hydroplaned hydroplanes hydroplaning
hydropower
hydrotherapy hydrotherapies
hydroxy
hypercholesterolaemia hypercholesterolaemic
hypermarket hypermarkets
hypo
hypotenuse hypotenuses
hyssop
iambic
ides
ignoramus ignoramuses
illocutionary
imbroglio imbroglios
immolate immolated immolates immolating immolation
immunoassay immunoassays
immunocompromised
immunoreactivity
impala impalas
industrie
infomercial infomercials
ingenue ingenues
iniquitous iniquitously iniquitousness
instillation
intaglio intaglios
intarsia
interleukin
interpol
intraluminal
introject introjected introjecting introjection introjections introjects
inveigle inveigled inveiglement inveiglements inveigler inveigles inveigling
involute involuted involutes involuting involution involutional
ipsilateral
ischemia ischemic
isosceles
jackhammer jackhammers
jape japed japery japes japing
jobbing
joule jls joules
jounce jounced jounces jouncing
judder juddered juddering judders
kaput
kava kavas
keratin ceratin keratinous
kilobyte kilobytes
kiloton kilotons
kittiwake kittiwakes
klan klansman klansmen
klick klicks
knickerbocker knickerbockers
knobbly
kohlrabi kohlrabies
kook kooks
kudu koodoo koodoos kudus
labial labially
lacklustre
lanyard lanyards
laparotomy
lapidary lapidaries lapidarist lapidist
largo
latte lattes latté lattés
lavage
layabout layabouts
leftwing
leonine
leucine
ligature
lineout lineouts
lingual
linguine linguini
lipase lipases
liposuction
listserv listservs
litho
lobotomy lobotomies
loggia
longshoreman longshoremen
loofah loofahs luffa luffas
luff luffed luffing luffs
lumpectomy
lychee lychees
lye lyes
lysosome lysosomes
lysozyme
maasai
macaroon macaroons
macrocosm macrocosmic macrocosmically macrocosms
macromolecules
macular
madre madres
mafioso mafiosi
magnetite
mahout mahouts
maisonette maisonettes
malarkey malarky
malfeasance malfeasances malfeasant
mandala mandalas
mandamus mandamuses
manioc mandioc mandioca
manova manovas
maquette maquettes
marimba marimbas
marinara
marist
maritima
martinet martinets
mascarpone
masseur masseurs
mastoid
materia
maxi maxis
meatus
medico medicos
megastore megastores
melamine
menarche menarcheal
mendacious mendaciously mendaciousness
meningococcus meningococcal meningococci meningococcic
menthol mentholated
merci
merde
meretricious meretriciously meretriciousness
mesenchymal
mesmerism mesmeric
mesoamerican
messrs
meta
metacognition metacognitive
metadata
metalinguistic
mewl mewled mewling mewls
miaow miaowed miaowing miaows
microelctronics microelectronic
microlight microlights microlite microlites
microsurgery microsurgical
mignon
minim minims
minx minxes
miscegenate miscegenates miscegenating miscegenation
mise
mitosis
mitzvah mitzvahs
moire
moleskin moleskins
moll molls
momento
monocyte monocytes monocytic
monoplane monoplanes
monozygotic
moonwalk moonwalked moonwalker moonwalkers moonwalking moonwalks
morphogenesis morphogenetic
morphometric morphometrically morphometry
mosh moshed moshes moshing
mucin
multifunctional
multilayered
mumbo
musher mushers
muzzy muzzier muzziest muzzily muzziness
mycology mycological mycologist
mycotoxin mycotoxins
myosin
naira
naphtha
narcolepsy narcoleptic
nasopharynx nasopharyngeal
navvy navvies
nephropathy
neurophysiology
neutron neutrons
newel newels
nickelodeon nickelodeons
nightshade nightshades
nimby nimbies nimbyism nimbys
ninny ninnies
nipper nippers
nitty
noblesse
noradrenaline noradrenalin
norepinephrine
novena novenas
novitiate novitiates
numinous numinousness
nutritive
nymphomaniac nymphomania nymphomaniacs
nystagmus nystagmic
objets
oblast
obstreperous obstreperously obstreperousness
ocelot ocelots
olivine olivin olivinitic
olympiad olympiads
oodles
opencast
optoelectronic optoelectronics
oryx oryxes
overspill overspills
oxytocin oxytocins
pais
palmetto palmettos
palomino palominos
panopticon panopticons
parasitologist parasitologists parasitology
parasympathetic
parathyroid
parenchyma parenchymal parenchymatous
parlous
parricide parricidal
parterre parterres
patisserie patisseries
pawnee pawnees
peccadillo peccadilloes peccadillos
pecorino
pectin
pelmet pelmets
pendulous pendulously pendulousness
penmanship
penne
pensione
pentagram pentagrams
pentameter
pentateuch
pentathlon pentathlons
percept percepts
perioperative
peritonitis
peroration perorations
pes
petard petards
petiole petioles
phantasmagoria phantasmagoric
phenom phenoms
phenylketonuria
phial phials
philatelic philatelist philately
phosphorylate phosphorylated phosphorylates phosphorylating
photocell photocells photocellular
photoelectric photoelectrical
photoreceptor photoreceptors
phylloxera
pica
piezoelectric piezoelectrically piezoelectricity
pimento pimentos
pimiento pimientos
pinking pinked
pipework pipeworks
pipit pipits
pita pitas
pix
platonist platonism
plenipotentiary plenipotentiaries
plosive plosives
pneumocystis
podiatry podiatric podiatrist podiatrists
pointillism pointillist pointillists
polecat polecats
polymath polymathic polymathy
polysemy polysemic polysemous
polysyllabic polysyllabically polysyllable polysyllables
polytheist polytheism
pomade pomades
pooh poohed poohing poohs
poppet poppets
popsicle popsicles
postsynaptic
potentiometer potentiometric
potluck potlucks
pottered pottering
praline pralines
preceptor preceptors
prehensile prehensility
premiss premisses
prequel prequels
primogeniture
prioress prioresses
privity privities
probative
prokaryote prokaryotes
prolactin
pronghorn pronghorns
prostatectomy
provencal
provincal provincials
prunus
pruritus
psychedelia
psychoactive
psychosexual
pterodactyl pterodactyls
puce
puffball puffballs
puissant puissance puissants
punic
pupate pupated pupates pupating pupation
pur
purser pursers
purulent purulence
pustule pustules
putto putti
pyroclastic
quadrilateral quadrilaterals
quadrupole quadrupoles
quango quangos
quantize quantized quantizes quantizing
quarterdeck quarterdecks
quartier quartiers
quatre
querida
quincentenary quincentennial
quinoa
radicchio radicchios
radioimmunoassay
radioisotope radioisotopes radioisotopic radioisotopically
radiolabelled
ragga raggas
ragout ragouts
ragtag ragtags
rambunctious
rancour rancours
rappel rappelled rappelling rappels
rasher rashers
rawhide
rechecked
reductivist reductivism
regolith
reprobate reprobates
retinitis
reveille reveilles
rheumy rheum
rhizobium rhizobia
rhomboid rhomboidal rhomboids
rial rials
riche
rictus
rigueur
riverine
rollback rollbacks
ropy
rorschach rorschachs
roseate roseates
rotarian rotarians
rotifer rotifers
rotisserie rotisseries
roughneck roughnecked roughnecking roughnecks
roust rousted rousting rousts
rugose rugosity
rumba rhumba rhumbas rumbas
rummy
sagittal
saith
salicylic
scad scads
scape
scaremonger scaremongering
scarify scarifed scarification scarifies scarifying
schist schists
schlep schlepp schlepped schlepping
schmuck schmucks
sclerite sclerites
screwball screwballs
scrim scrims
scullion scullions
sebaceous sebaceously
sedum
seely
seersucker
seismograph seismographic seismographs seismography
semitone semitones
sentential
septuagenarian septuagenarians
seraph seraphic seraphically seraphs
serried serriedly serriedness
sexology sexologist
sextet sextets
shearwater shearwaters
shiatsu
shiftless
shiitake shiitakes
shinto
shipshape
shipwright shipwrights
sideswipe sideswiped sideswipes sideswiping
silicosis
simulcast simulcasting simulcasts
sinecure sinecures
sinter sintered sintering sinters
skua skuas
slagged slagging
slapdash
slipway slipways
smarties
snapdragon snapdragons
snick snicked snicking snicks
snifter snifters
snivel sniveled snivelling snivels
snog snogged snogging snogs
snoopy
soapstone
soffit soffits
soir
soma somas somata
soppy
sotto
sough soughed soughing soughs
sourdough
southpaw southpaws
spacey spacier spaciest
spandrel spandrels
speakeasy speakeasies
spectrophotometer spectrophotometers
spermatozoon spermatozoa spermatozoal
spheroid spheroidal spheroids
spliff spliffs
spoor spoors
spritz spritzed spritzing
spritzer spritzers
squinch squinched squinches squinching
stepparent stepparents
stereograph stereographic stereographs stereography
straiten straitened straitening straitens
stratigraphical
strop stropped stropping strops
strychnine
stygian styx
suasive suasion suasively suasiveness
subluxation subluxations
subnormal
subtend subtended subtending subtends
succour succoured succouring succours
sucralose
sui
sulci sulcus
summa summae
sunfish
sunstroke sunstrokes
superfine superfines
supersaturate supersaturated supersaturates supersaturating supersaturation
superscript superscription superscripts
superstate superstates
suppository suppositories
swallowtail swallowtailed swallowtails
sweetbread sweetbreads
sweetmeat sweetmeats
swop swopped swopping swops
syncope
synovial
taiga
taka
talmud talmudic
tamale tamales
tannic
tanto
tapir tapirs
tarpon tarpons
taupe
taxon taxons
technic technics
teleport teleported teleporting teleports
televangelist televangelism televangelists
temporise temporised temporises temporising temporize temporized temporizes temporizing
tench tenches
tenderise tenderised tenderises tenderising tenderize tenderized tenderizer tenderizers tenderizes tenderizing
tendinitis
theosophy theosophical theosophically theosophist theosophists
thermoplastic thermoplasticity
theropod theropods
thorium
thrip thripid thrips
tiki tikis
tilapia tilapias
tipster tipsters
toluene
tonsillitis
toon toons
torte tortes
tortious tortiously
toto
tracheostomy tracheostomies
transcriptase
transubstantiation
travertine travertin
triadic triadically
trice
tricyclic
tripos
triune
troglodyte troglodytes troglodytic troglodytically
troth
trypsin
tubule tubules
turbot turbots
tutelary
tutte
twaddle
twerp twerpish twerpishly twerpishness twerps
uhf
ulama
ulna ulnae ulnas
ululate ululated ululates ululating ululation ululations
undergravel
unilinear
unleavened
uppercut uppercuts
uraemia uraemic
ureter ureteral ureteric ureters
vainglorious vaingloriously vainglory
vanadium
vaquero vaqueros
vaseline
vasoconstriction vasoconstrictions
velcro
veld veldt
velveteen velveteens
verderer verderers
verily
vermiculite
vide
vino
viol viols
vivisection vivisectional vivisectionist
vivre
voile voiles
volute voluted volutes
wahabi wahabis wahhabi wahhabis
warlock warlocks
warmonger warmongering
waymarked waymark waymarking waymarks
weeny weenies
weltanschauung weltanschauungen weltanschauungs
whatsit whatsits
wheelwright wheelwrights
whetstone whetstones
whitecap whitecaps
whitefish
whitsun whitsuns
wigwam wigwams
windlass windlasses
woebegone woebegoneness
woodchuck woodchucks
woodruff woodruffs
wop wops
wunderkind wunderkinds
wysiwyg
yeshiva yeshivas
yorkshireman yorkshiremen
zaibatsu
zither zithers
zona
boatswain boatswains 
